date,time,open,high,low,close,volume
Thu-23-Dec-21,00:00:00,48610,51432,48030,50794,2246508966
Fri-24-Dec-21,00:00:00,50794,51980,50402,50785,1837726929
Sat-25-Dec-21,00:00:00,50785,51149,50100,50406,1147589024
Sun-26-Dec-21,00:00:00,50406,51294,49283,50763,1676805639
Mon-27-Dec-21,00:00:00,50763,52119,50464,50706,1765283382
Tue-28-Dec-21,00:00:00,50706,50707,47312,47539,2875996781
Wed-29-Dec-21,00:00:00,47539,48137,45808,46450,2256915114
Thu-30-Dec-21,00:00:00,46450,47920,45887,47110,1767328940
Fri-31-Dec-21,00:00:00,47110,48554,45634,46200,2597175210
Sat-01-Jan-22,00:00:00,46200,47916,46200,47720,1597455880
Sun-02-Jan-22,00:00:00,47720,48000,46600,47305,1754807975
Mon-03-Jan-22,00:00:00,47305,47576,45700,46462,2120210943
Tue-04-Jan-22,00:00:00,46462,47475,45500,45870,2533480528
Wed-05-Jan-22,00:00:00,45870,47060,42444,43437,4051974753
Thu-06-Jan-22,00:00:00,43437,43795,42179,43110,2363581245
Fri-07-Jan-22,00:00:00,43110,43260,40518,41554,4023544076
Sat-08-Jan-22,00:00:00,41554,42302,40550,41691,2331013047
Sun-09-Jan-22,00:00:00,41691,42771,41076,41856,1835904711
Mon-10-Jan-22,00:00:00,41856,42200,39655,41809,3888882863
Tue-11-Jan-22,00:00:00,41809,43163,41279,42702,2679663344
Wed-12-Jan-22,00:00:00,42702,44450,42360,43890,2314575318
Thu-13-Jan-22,00:00:00,43890,44366,42303,42564,2572043106
Fri-14-Jan-22,00:00:00,42564,43704,41743,43056,2382391716
Sat-15-Jan-22,00:00:00,43056,43780,42563,43083,1637247429
Sun-16-Jan-22,00:00:00,43083,43455,42601,43051,1459479740
Mon-17-Jan-22,00:00:00,43051,43143,41550,42200,2097359469
Tue-18-Jan-22,00:00:00,42200,42650,41300,42332,2205962668
Wed-19-Jan-22,00:00:00,42332,42546,41140,41684,2650618828
Thu-20-Jan-22,00:00:00,41684,43482,40600,40702,3398664238
Fri-21-Jan-22,00:00:00,40702,41111,35378,36442,6600525494
Sat-22-Jan-22,00:00:00,36442,36790,33960,35062,4787860666
Sun-23-Jan-22,00:00:00,35062,36613,34601,36234,2730697512
Mon-24-Jan-22,00:00:00,36234,37550,32906,36652,6116407484
Tue-25-Jan-22,00:00:00,36652,37500,35701,36938,2782472946
Wed-26-Jan-22,00:00:00,36938,38888,36250,36770,3926361816
Thu-27-Jan-22,00:00:00,36770,37223,35490,37140,3118242710
Fri-28-Jan-22,00:00:00,37140,37964,36172,37694,2809826146
Sat-29-Jan-22,00:00:00,37694,38769,37256,38150,1908710622
Sun-30-Jan-22,00:00:00,38150,38358,37320,37876,1488956624
Mon-31-Jan-22,00:00:00,37876,38771,36632,38440,2491899352
Tue-01-Feb-22,00:00:00,38440,39250,37970,38680,2551608520
Wed-02-Feb-22,00:00:00,38680,38814,36500,36887,2606724353
Thu-03-Feb-22,00:00:00,36887,37425,36200,37292,2301305751
Fri-04-Feb-22,00:00:00,37292,41769,37015,41548,3848642020
Sat-05-Feb-22,00:00:00,41548,41918,40919,41380,1999788504
Sun-06-Feb-22,00:00:00,41380,42638,41110,42350,1664509530
Mon-07-Feb-22,00:00:00,42350,44500,41595,43826,3421709124
Tue-08-Feb-22,00:00:00,43826,45500,42650,44015,4166055545
Wed-09-Feb-22,00:00:00,44015,44808,43100,44333,2871978432
Thu-10-Feb-22,00:00:00,44333,45924,43150,43477,5151406790
Fri-11-Feb-22,00:00:00,43477,43876,41900,42354,3609635571
Sat-12-Feb-22,00:00:00,42354,42975,41630,42200,2254927114
Sun-13-Feb-22,00:00:00,42200,42750,41823,42060,1810759940
Mon-14-Feb-22,00:00:00,42060,42845,41566,42536,2571421744
Tue-15-Feb-22,00:00:00,42536,44800,42370,44524,2498264900
Wed-16-Feb-22,00:00:00,44524,44536,43265,43880,2398775668
Thu-17-Feb-22,00:00:00,43880,44147,40010,40515,4354084125
Fri-18-Feb-22,00:00:00,40515,40924,39438,40000,3245292530
Sat-19-Feb-22,00:00:00,40000,40450,39557,40064,1571639936
Sun-20-Feb-22,00:00:00,40064,40095,37917,38355,3386611629
Mon-21-Feb-22,00:00:00,38355,39480,36751,37002,5860108383
Tue-22-Feb-22,00:00:00,37002,38455,36312,38214,3869852958
Wed-23-Feb-22,00:00:00,38214,39240,37050,37246,3279870374
Thu-24-Feb-22,00:00:00,37246,40000,34242,38318,7137040202
Fri-25-Feb-22,00:00:00,38318,39676,37960,39174,3403557176
Sat-26-Feb-22,00:00:00,39174,40300,38556,39094,2201735576
Sun-27-Feb-22,00:00:00,39094,39892,36922,37665,4444285537
Mon-28-Feb-22,00:00:00,37665,44348,37435,43150,5140325390
Tue-01-Mar-22,00:00:00,43150,44900,42811,44390,4163887460
Wed-02-Mar-22,00:00:00,44390,45372,43334,43894,4136171916
Thu-03-Mar-22,00:00:00,43894,44065,41812,42450,3878519178
Fri-04-Mar-22,00:00:00,42450,42506,38506,39114,4674215286
Sat-05-Mar-22,00:00:00,39114,39575,38552,39360,1675330602
Sun-06-Mar-22,00:00:00,39360,39748,38088,38394,3272824326
Mon-07-Mar-22,00:00:00,38394,39536,37139,37976,4557905734
Tue-08-Mar-22,00:00:00,37976,39330,37865,38726,3944148634
Wed-09-Mar-22,00:00:00,38726,42698,38658,41942,4351559952
Thu-10-Mar-22,00:00:00,41942,42027,38486,39408,5633190612
Fri-11-Mar-22,00:00:00,39408,40250,38202,38726,4959418666
Sat-12-Mar-22,00:00:00,38726,39447,38632,38793,1651005491
Sun-13-Mar-22,00:00:00,38793,39306,37551,37756,1986668153
Mon-14-Mar-22,00:00:00,37756,39922,37527,39646,3205406998
Tue-15-Mar-22,00:00:00,39646,39950,38100,39280,3233488480
Wed-16-Mar-22,00:00:00,39280,41737,38750,41124,5870354876
Thu-17-Mar-22,00:00:00,41124,41446,40400,40890,2281724250
Fri-18-Mar-22,00:00:00,40890,42335,40105,41752,3374937068
Sat-19-Mar-22,00:00:00,41752,42397,41460,42180,1906312388
Sun-20-Mar-22,00:00:00,42180,42250,40920,41272,2326523168
Mon-21-Mar-22,00:00:00,41272,41537,40474,40985,2966549103
Tue-22-Mar-22,00:00:00,40985,43453,40860,42360,4055013540
Wed-23-Mar-22,00:00:00,42360,42987,41698,42852,2999934708
Thu-24-Mar-22,00:00:00,42852,44199,42556,43970,3508549234
Fri-25-Mar-22,00:00:00,43970,45056,43556,44294,3788762666
Sat-26-Mar-22,00:00:00,44294,44750,44050,44470,1526149594
Sun-27-Mar-22,00:00:00,44470,46989,44418,46793,3328265887
Mon-28-Mar-22,00:00:00,46793,48185,46626,47122,4202806552
Tue-29-Mar-22,00:00:00,47122,48068,46917,47418,3007325744
Wed-30-Mar-22,00:00:00,47418,47676,46501,47024,3055711150
Thu-31-Mar-22,00:00:00,47024,47590,45110,45511,4124617625
Fri-01-Apr-22,00:00:00,45511,46697,44202,46274,4655273916
Sat-02-Apr-22,00:00:00,46274,47230,45608,45807,2887220423
Sun-03-Apr-22,00:00:00,45807,47493,45501,46412,2935861639
Mon-04-Apr-22,00:00:00,46412,46880,45050,46580,3476444280
Tue-05-Apr-22,00:00:00,46580,47190,45320,45486,3456283674
Wed-06-Apr-22,00:00:00,45486,45495,43100,43158,5130413754
Thu-07-Apr-22,00:00:00,43158,43883,42704,43427,2862971977
Fri-08-Apr-22,00:00:00,43427,43982,42090,42256,4233004569
Sat-09-Apr-22,00:00:00,42256,42778,42120,42726,1472409850
Sun-10-Apr-22,00:00:00,42726,43403,41745,42137,2482466641
Mon-11-Apr-22,00:00:00,42137,42400,39172,39500,6019863005
Tue-12-Apr-22,00:00:00,39500,40713,39216,40055,4165392945
Wed-13-Apr-22,00:00:00,40055,41553,39580,41137,3985591583
Thu-14-Apr-22,00:00:00,41137,41463,39521,39930,3257763648
Fri-15-Apr-22,00:00:00,39930,40849,39746,40528,2279283662
Sat-16-Apr-22,00:00:00,40528,40695,39972,40358,1569973834
Sun-17-Apr-22,00:00:00,40358,40562,39520,39662,1866477480
Mon-18-Apr-22,00:00:00,39662,41255,38466,40774,4340370196
Tue-19-Apr-22,00:00:00,40774,41770,40533,41466,2648352156
Wed-20-Apr-22,00:00:00,41466,42169,40867,41334,3067654812
Thu-21-Apr-22,00:00:00,41334,42950,39588,40454,4854637846
Fri-22-Apr-22,00:00:00,40454,40767,39007,39676,3780305716
Sat-23-Apr-22,00:00:00,39676,40048,39261,39422,1410323350
Sun-24-Apr-22,00:00:00,39422,39914,38831,39440,2072059724
Mon-25-Apr-22,00:00:00,39440,40673,38072,40400,5558317680
Tue-26-Apr-22,00:00:00,40400,40803,37668,38104,5656002296
Wed-27-Apr-22,00:00:00,38104,39479,37855,39206,4260102306
Thu-28-Apr-22,00:00:00,39206,40350,38864,39734,5053809696
Fri-29-Apr-22,00:00:00,39734,39909,38162,38572,3783075302
Sat-30-Apr-22,00:00:00,38572,38770,37558,37612,1978667416
Sun-01-May-22,00:00:00,37612,38663,37351,38446,2684630890
Mon-02-May-22,00:00:00,38446,39256,38005,38528,3860708792
Tue-03-May-22,00:00:00,38528,38630,37500,37734,2669952666
Wed-04-May-22,00:00:00,37734,40058,37660,39696,4863118224
Thu-05-May-22,00:00:00,39696,39840,35511,36526,6879796322
Fri-06-May-22,00:00:00,36526,36666,35200,35990,4784870010
Sat-07-May-22,00:00:00,35990,36135,34744,35462,2123302558
Sun-08-May-22,00:00:00,35462,35498,33666,34032,4591443880
Mon-09-May-22,00:00:00,34032,34258,30018,30064,11864205776
Tue-10-May-22,00:00:00,30064,32666,29711,31015,7945072457
Wed-11-May-22,00:00:00,31015,32230,27600,29068,12073521147
Thu-12-May-22,00:00:00,29068,30233,26536,29003,9011312609
Fri-13-May-22,00:00:00,29003,31049,28736,29268,3986752115
Sat-14-May-22,00:00:00,29268,30321,28598,30071,2993793649
Sun-15-May-22,00:00:00,30071,31518,29409,31316,3117489396
Mon-16-May-22,00:00:00,31316,31316,29050,29854,4733978550
Tue-17-May-22,00:00:00,29854,30785,29400,30424,3580329942
Wed-18-May-22,00:00:00,30424,30692,28633,28694,3916270282
Thu-19-May-22,00:00:00,28694,30551,28676,30310,3779141654
Fri-20-May-22,00:00:00,30310,30767,28708,29185,4312568545
Sat-21-May-22,00:00:00,29185,29654,28920,29420,1716106950
Sun-22-May-22,00:00:00,29420,30499,29220,30270,2754152450
Mon-23-May-22,00:00:00,30270,30654,28839,29092,4388909018
Tue-24-May-22,00:00:00,29092,29847,28659,29642,3390497498
Wed-25-May-22,00:00:00,29642,30213,29324,29542,3680617598
Thu-26-May-22,00:00:00,29542,29878,27950,29201,6187188195
Fri-27-May-22,00:00:00,29201,29381,28256,28619,6891903798
Sat-28-May-22,00:00:00,28619,29260,28522,29018,1640927204
Sun-29-May-22,00:00:00,29018,29592,28838,29452,1887707520
Mon-30-May-22,00:00:00,29452,32333,29289,31732,4751842304
Tue-31-May-22,00:00:00,31732,32450,31216,31781,3477382903
Wed-01-Jun-22,00:00:00,31781,31982,29291,29789,5318012065
Thu-02-Jun-22,00:00:00,29789,30711,29558,30450,3160671817
Fri-03-Jun-22,00:00:00,30450,30698,29250,29688,3258363912
Sat-04-Jun-22,00:00:00,29688,30000,29466,29857,1584299951
Sun-05-Jun-22,00:00:00,29857,30196,29510,29902,1900338291
Mon-06-Jun-22,00:00:00,29902,31750,29871,31370,4801900908
Tue-07-Jun-22,00:00:00,31370,31598,29120,31111,7674827609
Wed-08-Jun-22,00:00:00,31111,31320,29818,30192,4842303625
Thu-09-Jun-22,00:00:00,30192,30694,29896,30100,3241473596
Fri-10-Jun-22,00:00:00,30100,30376,28816,29080,5066192220
Sat-11-Jun-22,00:00:00,29080,29427,28035,28420,4108713860
Sun-12-Jun-22,00:00:00,28420,28532,26550,26568,5937394572
Mon-13-Jun-22,00:00:00,26568,26885,21910,22476,14999792100
Tue-14-Jun-22,00:00:00,22476,23450,20818,22128,9513731532
Wed-15-Jun-22,00:00:00,22128,22794,20071,22574,11719320274
Thu-16-Jun-22,00:00:00,22574,22976,20228,20385,5479389209
Fri-17-Jun-22,00:00:00,20385,21355,20230,20454,4277262171
Sat-18-Jun-22,00:00:00,20454,20770,17600,18964,8011362848
Sun-19-Jun-22,00:00:00,18964,20820,17953,20568,7049580936
Mon-20-Jun-22,00:00:00,20568,21125,19624,20568,6220112856
Tue-21-Jun-22,00:00:00,20568,21722,20336,20716,5078115644
Wed-22-Jun-22,00:00:00,20716,20886,19703,19980,5600239880
Thu-23-Jun-22,00:00:00,19980,21240,19862,21095,4391243245
Fri-24-Jun-22,00:00:00,21095,21556,20728,21232,4636111298
Sat-25-Jun-22,00:00:00,21232,21630,20900,21476,3032353996
Sun-26-Jun-22,00:00:00,21476,21880,20958,21032,3128301984
Mon-27-Jun-22,00:00:00,21032,21580,20500,20730,3884652766
Tue-28-Jun-22,00:00:00,20730,21198,20190,20274,4197141366
Wed-29-Jun-22,00:00:00,20274,20433,19820,20104,4141998644
Thu-30-Jun-22,00:00:00,20104,20156,18601,19926,6272468282
Fri-01-Jul-22,00:00:00,19926,21018,18938,19271,6249392035
Sat-02-Jul-22,00:00:00,19271,19450,18960,19246,2443774806
Sun-03-Jul-22,00:00:00,19246,19638,18777,19306,2916038384
Mon-04-Jul-22,00:00:00,19306,20370,19039,20220,4220966396
Tue-05-Jul-22,00:00:00,20220,20750,19262,20170,6493349750
Wed-06-Jul-22,00:00:00,20170,20666,19737,20556,4305649174
Thu-07-Jul-22,00:00:00,20556,21818,20248,21596,4831974544
Fri-08-Jul-22,00:00:00,21596,22600,21184,21590,6249342506
Sat-09-Jul-22,00:00:00,21590,21980,21310,21588,2620615792
Sun-10-Jul-22,00:00:00,21588,21598,20652,20849,3464486155
Mon-11-Jul-22,00:00:00,20849,20851,19855,19960,3837009151
Tue-12-Jul-22,00:00:00,19960,20046,19220,19324,4187369116
Wed-13-Jul-22,00:00:00,19324,20346,18868,20216,5898688756
Thu-14-Jul-22,00:00:00,20216,20899,19575,20583,5047955049
Fri-15-Jul-22,00:00:00,20583,21196,20365,20822,4113450562
Sat-16-Jul-22,00:00:00,20822,21576,20470,21190,3202964604
Sun-17-Jul-22,00:00:00,21190,21669,20745,20799,2953568541
Mon-18-Jul-22,00:00:00,20799,22780,20763,22423,6268504991
Tue-19-Jul-22,00:00:00,22423,23808,21582,23386,7833496510
Wed-20-Jul-22,00:00:00,23386,24277,22872,23220,7241755698
Thu-21-Jul-22,00:00:00,23220,23428,22346,23144,5095675516
Fri-22-Jul-22,00:00:00,23144,23765,22487,22676,4548537076
Sat-23-Jul-22,00:00:00,22676,22988,21937,22434,3273462250
Sun-24-Jul-22,00:00:00,22434,22990,22254,22574,3022151302
Mon-25-Jul-22,00:00:00,22574,22658,21233,21301,4519451517
Tue-26-Jul-22,00:00:00,21301,21336,20691,21232,3445138605
Wed-27-Jul-22,00:00:00,21232,23105,21040,22938,4763609814
Thu-28-Jul-22,00:00:00,22938,24198,22582,23839,5363316383
Fri-29-Jul-22,00:00:00,23839,24475,23418,23764,4477369538
Sat-30-Jul-22,00:00:00,23764,24695,23506,23630,3282640274
Sun-31-Jul-22,00:00:00,23630,24182,23224,23290,2593487360
Mon-01-Aug-22,00:00:00,23290,23490,22825,23250,3360910070
Tue-02-Aug-22,00:00:00,23250,23468,22640,22972,3969658778
Wed-03-Aug-22,00:00:00,22972,23655,22680,22813,3542006895
Thu-04-Aug-22,00:00:00,22813,23201,22350,22602,3670178464
Fri-05-Aug-22,00:00:00,22602,23494,22576,23298,3895680024
Sat-06-Aug-22,00:00:00,23298,23333,22894,22950,1383179310
Sun-07-Aug-22,00:00:00,22950,23388,22846,23167,1678585733
Mon-08-Aug-22,00:00:00,23167,24236,23146,23810,3534264209
Tue-09-Aug-22,00:00:00,23810,23910,22848,23139,3145611201
Wed-10-Aug-22,00:00:00,23139,24223,22521,23940,4858911531
Thu-11-Aug-22,00:00:00,23940,24950,23850,23927,5020888333
Fri-12-Aug-22,00:00:00,23927,24430,23557,24378,3192363816
Sat-13-Aug-22,00:00:00,24378,24867,24283,24420,2721511122
Sun-14-Aug-22,00:00:00,24420,25031,24109,24290,3017115550
Mon-15-Aug-22,00:00:00,24290,25199,23760,24080,5234155150
Tue-16-Aug-22,00:00:00,24080,24227,23665,23839,3065841761
Wed-17-Aug-22,00:00:00,23839,24436,23166,23327,4447165962
Thu-18-Aug-22,00:00:00,23327,23581,23100,23188,2238785637
Fri-19-Aug-22,00:00:00,23188,23198,20754,20819,7241777085
Sat-20-Aug-22,00:00:00,20819,21365,20730,21124,3193842485
Sun-21-Aug-22,00:00:00,21124,21780,21060,21506,2840269286
Mon-22-Aug-22,00:00:00,21506,21538,20858,21382,3929361384
Tue-23-Aug-22,00:00:00,21382,21678,20885,21516,3615225662
Wed-24-Aug-22,00:00:00,21516,21880,21138,21353,3308450935
Thu-25-Aug-22,00:00:00,21353,21810,21304,21550,2530202185
Fri-26-Aug-22,00:00:00,21550,21869,20085,20230,6111516670
Sat-27-Aug-22,00:00:00,20230,20366,19761,20028,2714178382
Sun-28-Aug-22,00:00:00,20028,20174,19511,19548,2174440440
Mon-29-Aug-22,00:00:00,19548,20430,19548,20278,3224168198
Tue-30-Aug-22,00:00:00,20278,20569,19530,19804,4339654698
Wed-31-Aug-22,00:00:00,19804,20500,19792,20050,3746045178
Thu-01-Sep-22,00:00:00,20050,20198,19560,20124,3665982026
Fri-02-Sep-22,00:00:00,20124,20428,19746,19940,3754212880
Sat-03-Sep-22,00:00:00,19940,20043,19642,19822,1559288178
Sun-04-Sep-22,00:00:00,19822,20018,19585,19986,2094669864
Mon-05-Sep-22,00:00:00,19986,20044,19623,19780,2351932700
Tue-06-Sep-22,00:00:00,19780,20164,18617,18782,5451270098
Wed-07-Sep-22,00:00:00,18782,19448,18451,19287,3247613897
Thu-08-Sep-22,00:00:00,19287,19440,19010,19304,3173039362
Fri-09-Sep-22,00:00:00,19304,21666,19284,21350,6178088722
Sat-10-Sep-22,00:00:00,21350,21798,21113,21632,2818712118
Sun-11-Sep-22,00:00:00,21632,21880,21333,21810,2443117902
Mon-12-Sep-22,00:00:00,21810,22488,21530,22388,4931458522
Tue-13-Sep-22,00:00:00,22388,22794,19835,20164,8034853932
Wed-14-Sep-22,00:00:00,20164,20518,19590,20220,3892377848
Thu-15-Sep-22,00:00:00,20220,20319,19472,19692,3721653288
Fri-16-Sep-22,00:00:00,19692,19878,19315,19790,2900454274
Sat-17-Sep-22,00:00:00,19790,20176,19734,20106,1802136454
Sun-18-Sep-22,00:00:00,20106,20106,19333,19408,2594016500
Mon-19-Sep-22,00:00:00,19408,19675,18110,19528,5733841176
Tue-20-Sep-22,00:00:00,19528,19626,18716,18870,4569201154
Wed-21-Sep-22,00:00:00,18870,20045,18100,18446,8129403994
Thu-22-Sep-22,00:00:00,18446,19518,18345,19394,4229371716
Fri-23-Sep-22,00:00:00,19394,19486,18524,19282,4402729022
Sat-24-Sep-22,00:00:00,19282,19299,18802,18911,2024591089
Sun-25-Sep-22,00:00:00,18911,19185,18620,18800,2123743233
Mon-26-Sep-22,00:00:00,18800,19318,18670,19214,4078245986
Tue-27-Sep-22,00:00:00,19214,20384,18798,19071,7088544307
Wed-28-Sep-22,00:00:00,19071,19791,18453,19407,6162125829
Thu-29-Sep-22,00:00:00,19407,19638,18831,19580,6048036121
Fri-30-Sep-22,00:00:00,19580,20165,19136,19410,5934659010
Sat-01-Oct-22,00:00:00,19410,19474,19150,19302,1570269108
Sun-02-Oct-22,00:00:00,19302,19386,18890,19054,2225791076
Mon-03-Oct-22,00:00:00,19054,19720,18947,19618,3469751890
Tue-04-Oct-22,00:00:00,19618,20451,19482,20326,4594476038
Wed-05-Oct-22,00:00:00,20326,20354,19734,20149,4373322011
Thu-06-Oct-22,00:00:00,20149,20435,19836,19954,4479787812
Fri-07-Oct-22,00:00:00,19954,20078,19318,19518,4173120134
Sat-08-Oct-22,00:00:00,19518,19614,19175,19405,1465548179
Sun-09-Oct-22,00:00:00,19405,19552,19300,19436,1486015464
Mon-10-Oct-22,00:00:00,19436,19522,18974,19122,3100236674
Tue-11-Oct-22,00:00:00,19122,19258,18850,19052,3146486926
Wed-12-Oct-22,00:00:00,19052,19228,18950,19148,2058092204
Thu-13-Oct-22,00:00:00,19148,19522,18071,19366,6722211550
Fri-14-Oct-22,00:00:00,19366,19944,19061,19172,4226261740
Sat-15-Oct-22,00:00:00,19172,19216,18962,19063,1215159813
Sun-16-Oct-22,00:00:00,19063,19411,19062,19252,1406182006
Mon-17-Oct-22,00:00:00,19252,19668,19144,19540,2809617340
Tue-18-Oct-22,00:00:00,19540,19694,19080,19320,3554560700
Wed-19-Oct-22,00:00:00,19320,19345,19061,19122,2356866318
Thu-20-Oct-22,00:00:00,19122,19345,18865,19042,3046019948
Fri-21-Oct-22,00:00:00,19042,19247,18622,19153,3130276185
Sat-22-Oct-22,00:00:00,19153,19240,19102,19190,796266785
Sun-23-Oct-22,00:00:00,19190,19684,19050,19559,1833354661
Mon-24-Oct-22,00:00:00,19559,19590,19155,19317,2492227581
Tue-25-Oct-22,00:00:00,19317,20400,19224,20067,4358378058
Wed-26-Oct-22,00:00:00,20067,21009,20041,20756,4644085054
Thu-27-Oct-22,00:00:00,20756,20862,20182,20283,3624911337
Fri-28-Oct-22,00:00:00,20283,20738,19963,20585,3392290882
Sat-29-Oct-22,00:00:00,20585,21100,20551,20795,2631462680
Sun-30-Oct-22,00:00:00,20795,20920,20500,20614,1534504821
Mon-31-Oct-22,00:00:00,20614,20832,20222,20480,2757163862
Tue-01-Nov-22,00:00:00,20480,20689,20318,20472,1739755528
Wed-02-Nov-22,00:00:00,20472,20789,20052,20144,3718350160
Thu-03-Nov-22,00:00:00,20144,20382,20014,20200,1941639816
Fri-04-Nov-22,00:00:00,20200,21294,20175,21132,4453371868
Sat-05-Nov-22,00:00:00,21132,21470,21068,21290,1750574722
Sun-06-Nov-22,00:00:00,21290,21345,20874,20904,1624725446
Mon-07-Nov-22,00:00:00,20904,21062,20365,20582,3141725194
Tue-08-Nov-22,00:00:00,20582,20672,16800,18537,14397337447
Wed-09-Nov-22,00:00:00,18537,18578,15460,15892,10356995285
Thu-10-Nov-22,00:00:00,15892,18191,15698,17594,6349217814
Fri-11-Nov-22,00:00:00,17594,17674,16310,17052,4796969454
Sat-12-Nov-22,00:00:00,17052,17104,16624,16804,1424694848
Sun-13-Nov-22,00:00:00,16804,16944,16222,16330,1604933710
Mon-14-Nov-22,00:00:00,16330,17213,15802,16608,4511570472
Tue-15-Nov-22,00:00:00,16608,17160,16516,16878,3008621970
Wed-16-Nov-22,00:00:00,16878,17011,16367,16643,2379494431
Thu-17-Nov-22,00:00:00,16643,16740,16400,16688,1712082008
Fri-18-Nov-22,00:00:00,16688,16997,16542,16700,1736319636
Sat-19-Nov-22,00:00:00,16700,16799,16551,16688,724178812
Sun-20-Nov-22,00:00:00,16688,16740,16180,16274,1567654446
Mon-21-Nov-22,00:00:00,16274,16789,15440,15766,3707510640
Tue-22-Nov-22,00:00:00,15766,16300,15620,16218,2546476570
Wed-23-Nov-22,00:00:00,16218,16710,16154,16589,2528564227
Thu-24-Nov-22,00:00:00,16589,16810,16450,16594,1588081554
Fri-25-Nov-22,00:00:00,16594,16646,16339,16510,1320616980
Sat-26-Nov-22,00:00:00,16510,16685,16376,16449,1047394461
Sun-27-Nov-22,00:00:00,16449,16588,16401,16426,745534499
Mon-28-Nov-22,00:00:00,16426,16477,15985,16206,2555737986
Tue-29-Nov-22,00:00:00,16206,16547,16096,16427,1916894077
Wed-30-Nov-22,00:00:00,16427,17270,16418,17146,2943996940
Thu-01-Dec-22,00:00:00,17146,17390,16850,16972,1980208860
Fri-02-Dec-22,00:00:00,16972,17100,16769,17084,1687712540
Sat-03-Dec-22,00:00:00,17084,17150,16855,16881,949460587
Sun-04-Dec-22,00:00:00,16881,17195,16880,17096,1292426026
Mon-05-Dec-22,00:00:00,17096,17426,16867,16966,2386704306
Tue-06-Dec-22,00:00:00,16966,17116,16904,17082,1358382674
Wed-07-Dec-22,00:00:00,17082,17135,16666,16823,1470230917
Thu-08-Dec-22,00:00:00,16823,17286,16702,17210,1884545719
Fri-09-Dec-22,00:00:00,17210,17348,17045,17116,1327304134
Sat-10-Dec-22,00:00:00,17116,17220,17086,17121,549252435
Sun-11-Dec-22,00:00:00,17121,17262,17060,17078,650580922
Mon-12-Dec-22,00:00:00,17078,17234,16870,17194,1685461860
Tue-13-Dec-22,00:00:00,17194,18000,17060,17764,3265999730
Wed-14-Dec-22,00:00:00,17764,18379,17514,17790,3804906662
Thu-15-Dec-22,00:00:00,17790,17830,17262,17354,2245596556
Fri-16-Dec-22,00:00:00,17354,17530,16532,16634,3443016966
Sat-17-Dec-22,00:00:00,16634,16792,16574,16770,1025951716
Sun-18-Dec-22,00:00:00,16770,16900,16656,16730,881498320
Mon-19-Dec-22,00:00:00,16730,16805,16203,16432,1787266198
Tue-20-Dec-22,00:00:00,16432,17054,16388,16890,2346735622
Wed-21-Dec-22,00:00:00,16890,16918,16710,16822,1122847268
Thu-22-Dec-22,00:00:00,16822,16890,16560,16832,1509707202
Fri-23-Dec-22,00:00:00,16832,16990,16705,16785,1207729711
Sat-24-Dec-22,00:00:00,16785,16859,16785,16828,314936912
Sun-25-Dec-22,00:00:00,16828,16854,16714,16825,620717611
Mon-26-Dec-22,00:00:00,16825,16938,16783,16911,650925514
Tue-27-Dec-22,00:00:00,16911,16961,16587,16709,1268477401
Wed-28-Dec-22,00:00:00,16709,16778,16470,16546,1676447551
Thu-29-Dec-22,00:00:00,16546,16665,16490,16642,1000519978
Fri-30-Dec-22,00:00:00,16642,16725,16353,16620,1464729010
Sat-31-Dec-22,00:00:00,16620,16650,16480,16550,652883530
Sun-01-Jan-23,00:00:00,16550,16631,16511,16622,412790028
Mon-02-Jan-23,00:00:00,16622,16799,16552,16668,1077836922
Tue-03-Jan-23,00:00:00,16668,16774,16605,16670,1088653750
Wed-04-Jan-23,00:00:00,16670,16988,16652,16848,1784623342
Thu-05-Jan-23,00:00:00,16848,16874,16747,16826,831853174
Fri-06-Jan-23,00:00:00,16826,17032,16675,16940,1600791874
Sat-07-Jan-23,00:00:00,16940,16974,16904,16938,319996602
Sun-08-Jan-23,00:00:00,16938,17190,16907,17120,828098638
Mon-09-Jan-23,00:00:00,17120,17385,17094,17174,1850637706
Tue-10-Jan-23,00:00:00,17174,17480,17138,17430,1470935670
Wed-11-Jan-23,00:00:00,17430,18031,17310,17929,1944804041
Thu-12-Jan-23,00:00:00,17929,19134,17896,18820,5310282045
Fri-13-Jan-23,00:00:00,18820,20014,18692,19909,4432560591
Sat-14-Jan-23,00:00:00,19909,21550,19870,20952,6507574151
Sun-15-Jan-23,00:00:00,20952,21066,20555,20878,2483650154
Mon-16-Jan-23,00:00:00,20878,21488,20600,21179,4322580819
Tue-17-Jan-23,00:00:00,21179,21626,20824,21118,3409840240
Wed-18-Jan-23,00:00:00,21118,21673,20385,20674,5787916294
Thu-19-Jan-23,00:00:00,20674,21174,20645,21058,2485159134
Fri-20-Jan-23,00:00:00,21058,22780,20853,22656,4723370976
Sat-21-Jan-23,00:00:00,22656,23381,22413,22782,5168671746
Sun-22-Jan-23,00:00:00,22782,23083,22277,22704,3161207616
Mon-23-Jan-23,00:00:00,22704,23187,22460,22908,3791726724
Tue-24-Jan-23,00:00:00,22908,23166,22451,22631,3414620941
Wed-25-Jan-23,00:00:00,22631,23875,22319,23056,4926836168
Thu-26-Jan-23,00:00:00,23056,23290,22850,23006,2731121586
Fri-27-Jan-23,00:00:00,23006,23516,22523,23066,3589166000
Sat-28-Jan-23,00:00:00,23066,23193,22874,23022,1025675866
Sun-29-Jan-23,00:00:00,23022,23966,22962,23738,3538319530
Mon-30-Jan-23,00:00:00,23738,23800,22480,22830,4209412972
Tue-31-Jan-23,00:00:00,22830,23375,22723,23130,2693209140
Wed-01-Feb-23,00:00:00,23130,23866,22755,23730,3872932860
Thu-02-Feb-23,00:00:00,23730,24280,23360,23496,4357018074
Fri-03-Feb-23,00:00:00,23496,23723,23203,23434,2787283550
Sat-04-Feb-23,00:00:00,23434,23588,23260,23324,1116723946
Sun-05-Feb-23,00:00:00,23324,23434,22760,22934,2260772386
Mon-06-Feb-23,00:00:00,22934,23165,22612,22764,2353739524
Tue-07-Feb-23,00:00:00,22764,23363,22750,23244,2814472188
Wed-08-Feb-23,00:00:00,23244,23462,22669,22959,2400454653
Thu-09-Feb-23,00:00:00,22959,23011,21698,21802,4708065533
Fri-10-Feb-23,00:00:00,21802,21940,21431,21624,2753047728
Sat-11-Feb-23,00:00:00,21624,21890,21602,21847,1126566929
Sun-12-Feb-23,00:00:00,21847,22079,21625,21777,1706447393
Mon-13-Feb-23,00:00:00,21777,21887,21328,21768,2820687711
Tue-14-Feb-23,00:00:00,21768,22311,21514,22184,3889222840
Wed-15-Feb-23,00:00:00,22184,24429,22032,24330,5565053910
Thu-16-Feb-23,00:00:00,24330,25296,23505,23516,6977114914
Fri-17-Feb-23,00:00:00,23516,25044,23340,24578,6706221270
Sat-18-Feb-23,00:00:00,24578,24887,24427,24638,1979659528
Sun-19-Feb-23,00:00:00,24638,25198,24169,24267,3885881093
Mon-20-Feb-23,00:00:00,24267,25150,23817,24854,4417103020
Tue-21-Feb-23,00:00:00,24854,25295,24152,24456,5158224412
Wed-22-Feb-23,00:00:00,24456,24476,23570,24180,5021648580
Thu-23-Feb-23,00:00:00,24180,24603,23590,23936,4962123124
Fri-24-Feb-23,00:00:00,23936,24130,22800,23185,4718193263
Sat-25-Feb-23,00:00:00,23185,23213,22712,23155,1880373085
Sun-26-Feb-23,00:00:00,23155,23686,23060,23548,2412588522
Mon-27-Feb-23,00:00:00,23548,23889,23084,23484,3731934200
Tue-28-Feb-23,00:00:00,23484,23593,23010,23130,2838370530
Wed-01-Mar-23,00:00:00,23130,24028,23015,23630,4032206140
Thu-02-Mar-23,00:00:00,23630,23788,23186,23462,2555986378
Fri-03-Mar-23,00:00:00,23462,23470,21905,22346,4480985034
Sat-04-Mar-23,00:00:00,22346,22395,22152,22337,1015804477
Sun-05-Mar-23,00:00:00,22337,22673,22173,22419,1626937650
Mon-06-Mar-23,00:00:00,22419,22595,22234,22398,1692387912
Tue-07-Mar-23,00:00:00,22398,22541,21919,22189,3437555657
Wed-08-Mar-23,00:00:00,22189,22280,21559,21702,3550151731
Thu-09-Mar-23,00:00:00,21702,21838,20016,20356,6357754160
Fri-10-Mar-23,00:00:00,20356,20358,19535,20141,7319631051
Sat-11-Mar-23,00:00:00,20141,20671,19760,20450,3820827955
Sun-12-Mar-23,00:00:00,20450,22139,20261,21979,5004093021
Mon-13-Mar-23,00:00:00,21979,24560,21804,24112,9107216307
Tue-14-Mar-23,00:00:00,24112,26500,23966,24685,11485123715
Wed-15-Mar-23,00:00:00,24685,25211,23868,24285,7576666190
Thu-16-Mar-23,00:00:00,24285,25175,24123,24989,4904865031
Fri-17-Mar-23,00:00:00,24989,27766,24879,27382,10184989238
Sat-18-Mar-23,00:00:00,27382,27720,26555,26898,5428947478
Sun-19-Mar-23,00:00:00,26898,28417,26816,27962,5794070218
Mon-20-Mar-23,00:00:00,27962,28480,27123,27704,7026431428
Tue-21-Mar-23,00:00:00,27704,28471,27292,28090,5256085606
Wed-22-Mar-23,00:00:00,28090,28897,26583,27234,8985542416
Thu-23-Mar-23,00:00:00,27234,28780,27104,28278,6503314752
Fri-24-Mar-23,00:00:00,28278,28353,26956,27437,5612646559
Sat-25-Mar-23,00:00:00,27437,27788,27132,27445,2705343066
Sun-26-Mar-23,00:00:00,27445,28197,27402,27952,2942487723
Mon-27-Mar-23,00:00:00,27952,28010,26474,27108,5143308604
Tue-28-Mar-23,00:00:00,27108,27497,26611,27244,4493042432
Wed-29-Mar-23,00:00:00,27244,28644,27220,28330,5288386242
Thu-30-Mar-23,00:00:00,28330,29197,27650,28008,6671686992
Fri-31-Mar-23,00:00:00,28008,28675,27487,28452,4992453564
Sat-01-Apr-23,00:00:00,28452,28839,28182,28435,2159193845
Sun-02-Apr-23,00:00:00,28435,28525,27823,28156,2720120814
Mon-03-Apr-23,00:00:00,28156,28550,27175,27789,5733265867
Tue-04-Apr-23,00:00:00,27789,28438,27648,28150,3486296423
Wed-05-Apr-23,00:00:00,28150,28797,27777,28155,4638416245
Thu-06-Apr-23,00:00:00,28155,28174,27670,28022,2932906483
Fri-07-Apr-23,00:00:00,28022,28094,27755,27884,1806662544
Sat-08-Apr-23,00:00:00,27884,28164,27846,27930,1282134158
Sun-09-Apr-23,00:00:00,27930,28524,27764,28310,2282131990
Mon-10-Apr-23,00:00:00,28310,29864,28137,29628,5107320852
Tue-11-Apr-23,00:00:00,29628,30560,29580,30179,5492852881
Wed-12-Apr-23,00:00:00,30179,30480,29630,29871,4964234555
Thu-13-Apr-23,00:00:00,29871,30600,29845,30366,3679778124
Fri-14-Apr-23,00:00:00,30366,31062,29936,30438,5628702420
Sat-15-Apr-23,00:00:00,30438,30583,30180,30294,1475847450
Sun-16-Apr-23,00:00:00,30294,30565,30114,30296,1903493194
Mon-17-Apr-23,00:00:00,30296,30308,29219,29422,3992892490
Tue-18-Apr-23,00:00:00,29422,30500,29060,30382,4967462410
Wed-19-Apr-23,00:00:00,30382,30416,28555,28797,7079858281
Thu-20-Apr-23,00:00:00,28797,29083,27981,28236,5878591344
Fri-21-Apr-23,00:00:00,28236,28368,27058,27253,5743429271
Sat-22-Apr-23,00:00:00,27253,27880,27130,27799,2579414145
Sun-23-Apr-23,00:00:00,27799,27800,27302,27573,2652664203
Mon-24-Apr-23,00:00:00,27573,27989,26933,27493,4901376560
Tue-25-Apr-23,00:00:00,27493,28388,27181,28277,4381201217
Wed-26-Apr-23,00:00:00,28277,30062,27200,28402,11571542092
Thu-27-Apr-23,00:00:00,28402,29884,28369,29458,8268474390
Fri-28-Apr-23,00:00:00,29458,29594,28870,29296,4165007866
Sat-29-Apr-23,00:00:00,29296,29428,29010,29212,1630937700
Sun-30-Apr-23,00:00:00,29212,29955,29075,29217,3759117003
Mon-01-May-23,00:00:00,29217,29328,27640,28051,6305234285
Tue-02-May-23,00:00:00,28051,28869,27860,28655,4710631877
Wed-03-May-23,00:00:00,28655,29263,28069,29014,5860577551
Thu-04-May-23,00:00:00,29014,29384,28631,28819,3540665657
Fri-05-May-23,00:00:00,28819,29674,28750,29495,4622941571
Sat-06-May-23,00:00:00,29495,29833,28325,28833,3732179982
Sun-07-May-23,00:00:00,28833,29129,28370,28414,2573028506
Mon-08-May-23,00:00:00,28414,28615,27250,27653,5282788469
Tue-09-May-23,00:00:00,27653,27811,27333,27618,2582126563
Wed-10-May-23,00:00:00,27618,28293,26700,27577,6050054357
Thu-11-May-23,00:00:00,27577,27618,26650,26955,4079438655
Fri-12-May-23,00:00:00,26955,27079,25764,26779,4781844131
Sat-13-May-23,00:00:00,26779,27036,26676,26767,1665171790
Sun-14-May-23,00:00:00,26767,27199,26534,26903,1715711030
Mon-15-May-23,00:00:00,26903,27648,26700,27148,3438122446
Tue-16-May-23,00:00:00,27148,27288,26818,27020,2710673632
Wed-17-May-23,00:00:00,27020,27565,26501,27389,3767155051
Thu-18-May-23,00:00:00,27389,27475,26341,26804,3926925849
Fri-19-May-23,00:00:00,26804,27173,26603,26869,2262927635
Sat-20-May-23,00:00:00,26869,27134,26816,27089,1260773867
Sun-21-May-23,00:00:00,27089,27282,26654,26734,1952981810
Mon-22-May-23,00:00:00,26734,27099,26510,26835,2367910481
Tue-23-May-23,00:00:00,26835,27496,26788,27210,2678749830
Wed-24-May-23,00:00:00,27210,27210,26050,26311,4147757249
Thu-25-May-23,00:00:00,26311,26627,25851,26457,2882922435
Fri-26-May-23,00:00:00,26457,26930,26307,26695,2463728516
Sat-27-May-23,00:00:00,26695,26898,26530,26838,1102503357
Sun-28-May-23,00:00:00,26838,28280,26752,28050,3504800046
Mon-29-May-23,00:00:00,28050,28449,27510,27722,3171193078
Tue-30-May-23,00:00:00,27722,28037,27529,27681,2690115199
Wed-31-May-23,00:00:00,27681,27824,26817,27199,3475073222
Thu-01-Jun-23,00:00:00,27199,27343,26585,26810,3146815893
Fri-02-Jun-23,00:00:00,26810,27293,26481,27238,2696120412
Sat-03-Jun-23,00:00:00,27238,27325,26906,27059,1091399601
Sun-04-Jun-23,00:00:00,27059,27450,26946,27106,1434641074
Mon-05-Jun-23,00:00:00,27106,27116,25362,25717,5698306027
Tue-06-Jun-23,00:00:00,25717,27357,25324,27217,5503565085
Wed-07-Jun-23,00:00:00,27217,27397,26115,26323,4576022321
Thu-08-Jun-23,00:00:00,26323,26810,26190,26485,2354565865
Fri-09-Jun-23,00:00:00,26485,26770,26260,26467,1981925538
Sat-10-Jun-23,00:00:00,26467,26528,25334,25826,4572757165
Sun-11-Jun-23,00:00:00,25826,26197,25616,25915,1759447813
Mon-12-Jun-23,00:00:00,25915,26095,25604,25895,2142496730
Tue-13-Jun-23,00:00:00,25895,26420,25708,25920,3189538915
Wed-14-Jun-23,00:00:00,25920,26098,24780,25114,3655783526
Thu-15-Jun-23,00:00:00,25114,25750,24780,25586,3161877242
Fri-16-Jun-23,00:00:00,25586,26500,25155,26325,4223454695
Sat-17-Jun-23,00:00:00,26325,26887,26165,26505,2371329495
Sun-18-Jun-23,00:00:00,26505,26698,26232,26334,1686884391
Mon-19-Jun-23,00:00:00,26334,27064,26250,26827,3262624103
Tue-20-Jun-23,00:00:00,26827,28391,26642,28286,6349681171
Wed-21-Jun-23,00:00:00,28286,30800,28240,29986,9783305406
Thu-22-Jun-23,00:00:00,29986,30498,29503,29876,4910237596
Fri-23-Jun-23,00:00:00,29876,31444,29785,30674,7078609510
Sat-24-Jun-23,00:00:00,30674,30798,30248,30528,2520083964
Sun-25-Jun-23,00:00:00,30528,31042,30260,30460,2697209924
Mon-26-Jun-23,00:00:00,30460,30650,29917,30262,3770917738
Tue-27-Jun-23,00:00:00,30262,30997,30217,30681,3857254625
Wed-28-Jun-23,00:00:00,30681,30695,29817,30058,4049953985
Thu-29-Jun-23,00:00:00,30058,30830,30028,30434,3314074472
Fri-30-Jun-23,00:00:00,30434,31292,29413,30466,8863354656
Sat-01-Jul-23,00:00:00,30466,30650,30312,30577,1121636145
Sun-02-Jul-23,00:00:00,30577,30790,30138,30602,2149777114
Mon-03-Jul-23,00:00:00,30602,31399,30542,31149,3458484483
Tue-04-Jul-23,00:00:00,31149,31319,30603,30754,2719370393
Wed-05-Jul-23,00:00:00,30754,30869,30177,30485,2987013273
Thu-06-Jul-23,00:00:00,30485,31543,29810,29875,6716974055
Fri-07-Jul-23,00:00:00,29875,30446,29675,30332,2879710543
Sat-08-Jul-23,00:00:00,30332,30377,30025,30271,1005232873
Sun-09-Jul-23,00:00:00,30271,30451,30052,30150,1254400090
Mon-10-Jul-23,00:00:00,30150,31036,29928,30399,3830466801
Tue-11-Jul-23,00:00:00,30399,30811,30252,30603,2738554509
Wed-12-Jul-23,00:00:00,30603,30962,30185,30368,3896588416
Thu-13-Jul-23,00:00:00,30368,31844,30237,31437,6145814035
Fri-14-Jul-23,00:00:00,31437,31635,29873,30295,4839538670
Sat-15-Jul-23,00:00:00,30295,30384,30221,30269,683121981
Sun-16-Jul-23,00:00:00,30269,30445,30038,30221,1329323721
Mon-17-Jul-23,00:00:00,30221,30319,29610,30120,2976738380
Tue-18-Jul-23,00:00:00,30120,30225,29362,29851,2990343989
Wed-19-Jul-23,00:00:00,29851,30190,29735,29889,2420736956
Thu-20-Jul-23,00:00:00,29889,30407,29488,29793,3664481163
Fri-21-Jul-23,00:00:00,29793,30050,29711,29888,1534994851
Sat-22-Jul-23,00:00:00,29888,29992,29609,29774,921895474
Sun-23-Jul-23,00:00:00,29774,30330,29717,30071,1682647539
Mon-24-Jul-23,00:00:00,30071,30084,28851,29159,3694223262
Tue-25-Jul-23,00:00:00,29159,29367,29027,29217,1454217590
Wed-26-Jul-23,00:00:00,29217,29665,29076,29337,2739035196
Thu-27-Jul-23,00:00:00,29337,29553,29069,29210,1802084026
Fri-28-Jul-23,00:00:00,29210,29546,29111,29300,2013153110
Sat-29-Jul-23,00:00:00,29300,29397,29242,29340,599976060
Sun-30-Jul-23,00:00:00,29340,29445,29000,29273,1540056667
Mon-31-Jul-23,00:00:00,29273,29520,29100,29224,2099810885
Tue-01-Aug-23,00:00:00,29224,29728,28556,29700,4495936580
Wed-02-Aug-23,00:00:00,29700,30040,28902,29170,4531775030
Thu-03-Aug-23,00:00:00,29170,29433,28951,29178,2437882742
Fri-04-Aug-23,00:00:00,29178,29320,28788,29102,2084914066
Sat-05-Aug-23,00:00:00,29102,29141,28970,29056,612538942
Sun-06-Aug-23,00:00:00,29056,29195,28980,29076,715329644
Mon-07-Aug-23,00:00:00,29076,29290,28677,29200,2591078540
Tue-08-Aug-23,00:00:00,29200,30266,29126,29755,4705608645
Wed-09-Aug-23,00:00:00,29755,30129,29365,29566,3738864714
Thu-10-Aug-23,00:00:00,29566,29732,29309,29441,2228980865
Fri-11-Aug-23,00:00:00,29441,29573,29215,29414,1763692573
Sat-12-Aug-23,00:00:00,29414,29469,29371,29418,435415438
Sun-13-Aug-23,00:00:00,29418,29464,29267,29301,727448421
Mon-14-Aug-23,00:00:00,29301,29680,29080,29423,2689245658
Tue-15-Aug-23,00:00:00,29423,29496,29050,29194,1716714587
Wed-16-Aug-23,00:00:00,29194,29259,28714,28728,2870792456
Thu-17-Aug-23,00:00:00,28728,28780,24201,26610,10290170622
Fri-18-Aug-23,00:00:00,26610,26820,25573,26040,4886128770
Sat-19-Aug-23,00:00:00,26040,26263,25786,26089,1674371951
Sun-20-Aug-23,00:00:00,26089,26307,25940,26176,1323677506
Mon-21-Aug-23,00:00:00,26176,26280,25794,26113,2151222271
Tue-22-Aug-23,00:00:00,26113,26127,25267,26044,3086034409
Wed-23-Aug-23,00:00:00,26044,26824,25801,26423,3969287529
Thu-24-Aug-23,00:00:00,26423,26574,25834,26162,2901219238
Fri-25-Aug-23,00:00:00,26162,26301,25755,26046,2745361910
Sat-26-Aug-23,00:00:00,26046,26115,25974,26008,627161672
Sun-27-Aug-23,00:00:00,26008,26170,25957,26085,1388905147
Mon-28-Aug-23,00:00:00,26085,26244,25842,26102,2074435693
Tue-29-Aug-23,00:00:00,26102,28141,25911,27703,7218349887
Wed-30-Aug-23,00:00:00,27703,27756,26970,27283,3383367810
Thu-31-Aug-23,00:00:00,27283,27628,25627,25924,6290779084
Fri-01-Sep-23,00:00:00,25924,26145,25305,25794,3854613766
Sat-02-Sep-23,00:00:00,25794,25975,25742,25858,870418466
Sun-03-Sep-23,00:00:00,25858,26133,25783,25960,1230375254
Mon-04-Sep-23,00:00:00,25960,26089,25616,25812,1703599188
Tue-05-Sep-23,00:00:00,25812,25900,25542,25782,1570453734
Wed-06-Sep-23,00:00:00,25782,26052,25342,25750,2410410776
Thu-07-Sep-23,00:00:00,25750,26450,25602,26245,2554373755
Fri-08-Sep-23,00:00:00,26245,26436,25632,25897,2433095563
Sat-09-Sep-23,00:00:00,25897,25940,25785,25890,446671463
Sun-10-Sep-23,00:00:00,25890,26020,25543,25826,1440752674
Mon-11-Sep-23,00:00:00,25826,25890,24853,25155,4442124323
Tue-12-Sep-23,00:00:00,25155,26584,25122,25825,5519786135
Wed-13-Sep-23,00:00:00,25825,26397,25740,26208,3262885067
Thu-14-Sep-23,00:00:00,26208,26863,26106,26510,3378158482
Fri-15-Sep-23,00:00:00,26510,26891,26205,26589,2486266781
Sat-16-Sep-23,00:00:00,26589,26765,26430,26550,1106315151
Sun-17-Sep-23,00:00:00,26550,26609,26380,26515,884460185
Mon-18-Sep-23,00:00:00,26515,27400,26350,26749,4900820246
Tue-19-Sep-23,00:00:00,26749,27485,26651,27193,4075102710
Wed-20-Sep-23,00:00:00,27193,27383,26710,27111,3531228676
Thu-21-Sep-23,00:00:00,27111,27150,26363,26554,3603459122
Fri-22-Sep-23,00:00:00,26554,26733,26455,26566,1467825446
Sat-23-Sep-23,00:00:00,26566,26620,26496,26566,404201690
Sun-24-Sep-23,00:00:00,26566,26725,26079,26233,1382627803
Mon-25-Sep-23,00:00:00,26233,26437,25971,26288,2727025227
Tue-26-Sep-23,00:00:00,26288,26382,26076,26207,1705118625
Wed-27-Sep-23,00:00:00,26207,26839,26088,26360,3594158862
Thu-28-Sep-23,00:00:00,26360,27313,26322,27011,4397690869
Fri-29-Sep-23,00:00:00,27011,27239,26641,26895,2838126919
Sat-30-Sep-23,00:00:00,26895,27082,26876,26954,731974261
Sun-01-Oct-23,00:00:00,26954,28350,26943,27979,2488149669
Mon-02-Oct-23,00:00:00,27979,28592,27254,27484,6450838735
Tue-03-Oct-23,00:00:00,27484,27662,27150,27413,2901733307
Wed-04-Oct-23,00:00:00,27413,27825,27176,27765,3001257127
Thu-05-Oct-23,00:00:00,27765,28115,27337,27397,3836068298
Fri-06-Oct-23,00:00:00,27397,28285,27132,27912,4640311566
Sat-07-Oct-23,00:00:00,27912,28021,27818,27942,1031627490
Sun-08-Oct-23,00:00:00,27942,28078,27665,27899,1693005823
Mon-09-Oct-23,00:00:00,27899,27972,27250,27579,3559577932
Tue-10-Oct-23,00:00:00,27579,27722,27282,27378,2698743246
Wed-11-Oct-23,00:00:00,27378,27465,26523,26866,4491361412
Thu-12-Oct-23,00:00:00,26866,26932,26540,26746,2234740866
Fri-13-Oct-23,00:00:00,26746,27120,26670,26847,2525811901
Sat-14-Oct-23,00:00:00,26847,26979,26780,26842,662449730
Sun-15-Oct-23,00:00:00,26842,27283,26800,27139,1563411993
Mon-16-Oct-23,00:00:00,27139,30626,27098,28481,9970568729
Tue-17-Oct-23,00:00:00,28481,28600,28026,28381,3349365700
Wed-18-Oct-23,00:00:00,28381,28994,28125,28309,3274628233
Thu-19-Oct-23,00:00:00,28309,28922,28074,28697,3515213069
Fri-20-Oct-23,00:00:00,28697,30260,28556,29653,6116075866
Sat-21-Oct-23,00:00:00,29653,30382,29450,29892,2976182412
Sun-22-Oct-23,00:00:00,29892,30321,29606,29979,2336388525
Mon-23-Oct-23,00:00:00,29979,36744,29875,33093,11916619407
Tue-24-Oct-23,00:00:00,33093,35300,32843,33936,10526055132
Wed-25-Oct-23,00:00:00,33936,35185,33685,34505,6185446279
Thu-26-Oct-23,00:00:00,34505,34845,33751,34166,4167169189
Fri-27-Oct-23,00:00:00,34166,34276,33350,33911,3642779175
Sat-28-Oct-23,00:00:00,33911,34593,33881,34097,1845639900
Sun-29-Oct-23,00:00:00,34097,34795,33936,34536,2210371683
Mon-30-Oct-23,00:00:00,34536,34913,34026,34502,3470108242
Tue-31-Oct-23,00:00:00,34502,34761,34041,34667,3246051501
Wed-01-Nov-23,00:00:00,34667,35750,34058,35442,6795944570
Thu-02-Nov-23,00:00:00,35442,36084,34296,34958,6665683750
Fri-03-Nov-23,00:00:00,34958,34960,34132,34720,5580170988
Sat-04-Nov-23,00:00:00,34720,35279,34588,35075,2344988445
Sun-05-Nov-23,00:00:00,35075,35449,34416,35036,4029801864
Mon-06-Nov-23,00:00:00,35036,35311,34750,35073,3138279591
Tue-07-Nov-23,00:00:00,35073,35928,34527,35424,5159834190
Wed-08-Nov-23,00:00:00,35424,36188,35075,35642,5032191526
Thu-09-Nov-23,00:00:00,35642,38149,35554,36726,12218005232
Fri-10-Nov-23,00:00:00,36726,37604,36360,37335,4728178083
Sat-11-Nov-23,00:00:00,37335,37429,36614,37163,2375252872
Sun-12-Nov-23,00:00:00,37163,37260,36749,37090,1621644741
Mon-13-Nov-23,00:00:00,37090,37473,36328,36485,4114208855
Tue-14-Nov-23,00:00:00,36485,36786,34543,35560,6765596900
Wed-15-Nov-23,00:00:00,35560,38017,35385,37894,7090661666
Thu-16-Nov-23,00:00:00,37894,37968,35500,36178,7139344998
Fri-17-Nov-23,00:00:00,36178,36939,35870,36638,5038473422
Sat-18-Nov-23,00:00:00,36638,36898,36203,36597,1732391233
Sun-19-Nov-23,00:00:00,36597,37535,36379,37387,2507479262
Mon-20-Nov-23,00:00:00,37387,37847,36620,37469,5708022756
Tue-21-Nov-23,00:00:00,37469,37693,35720,35741,8195895850
Wed-22-Nov-23,00:00:00,35741,37888,35613,37424,5450643781
Thu-23-Nov-23,00:00:00,37424,37677,36867,37298,3072547950
Fri-24-Nov-23,00:00:00,37298,38436,37257,37725,5939594179
Sat-25-Nov-23,00:00:00,37725,37900,37583,37791,1196825559
Sun-26-Nov-23,00:00:00,37791,37827,37124,37455,2926875495
Mon-27-Nov-23,00:00:00,37455,37569,36714,37256,4068175024
Tue-28-Nov-23,00:00:00,37256,38430,36880,37820,5388781788
Wed-29-Nov-23,00:00:00,37820,38600,37566,37859,4623721881
Thu-30-Nov-23,00:00:00,37859,38145,37429,37727,3025502117
Fri-01-Dec-23,00:00:00,37727,39032,37613,38685,5418426236
Sat-02-Dec-23,00:00:00,38685,39894,38640,39455,3508767415
Sun-03-Dec-23,00:00:00,39455,40440,39280,40000,3678034010
Mon-04-Dec-23,00:00:00,40000,42479,39997,42007,10823477993
Tue-05-Dec-23,00:00:00,42007,44555,41380,44103,10010644067
Wed-06-Dec-23,00:00:00,44103,44332,43379,43785,6522260679
Thu-07-Dec-23,00:00:00,43785,44088,42833,43308,6618147012
Fri-08-Dec-23,00:00:00,43308,44777,43005,44210,5183057230
Sat-09-Dec-23,00:00:00,44210,44416,43327,43740,3530257390
Sun-10-Dec-23,00:00:00,43740,44115,43571,43824,2376831516
Mon-11-Dec-23,00:00:00,43824,43855,40168,41272,12832765352
Tue-12-Dec-23,00:00:00,41272,42168,40684,41526,6429145546
Wed-13-Dec-23,00:00:00,41526,43600,40511,42897,7170832887
Thu-14-Dec-23,00:00:00,42897,43475,41190,43050,7340234208
Fri-15-Dec-23,00:00:00,43050,43112,41672,41980,4658872070
Sat-16-Dec-23,00:00:00,41980,42783,41620,42296,2506583504
Sun-17-Dec-23,00:00:00,42296,42479,41256,41395,3777329773
Mon-18-Dec-23,00:00:00,41395,42811,40566,42684,6777809036
Tue-19-Dec-23,00:00:00,42684,43548,41836,42298,6055024574
Wed-20-Dec-23,00:00:00,42298,44355,42206,43710,7182325882
Thu-21-Dec-23,00:00:00,43710,44290,43324,43902,5073332088
Fri-22-Dec-23,00:00:00,43902,44474,43414,44010,4541134968
Sat-23-Dec-23,00:00:00,44010,44029,43263,43736,2130480364
Sun-24-Dec-23,00:00:00,43736,43987,42534,43022,3042276874
Mon-25-Dec-23,00:00:00,43022,43874,42743,43612,3165859324
Tue-26-Dec-23,00:00:00,43612,43634,41655,42552,5119700964
Wed-27-Dec-23,00:00:00,42552,43710,42139,43454,4194945466
Thu-28-Dec-23,00:00:00,43454,43850,42302,42607,4410103853
Fri-29-Dec-23,00:00:00,42607,43170,41278,42095,5787735392
Sat-30-Dec-23,00:00:00,42095,42654,41554,42177,2900555893
Sun-31-Dec-23,00:00:00,42177,42946,42012,42325,2507253794
Mon-01-Jan-24,00:00:00,42325,44285,42211,44236,3348836739
Tue-02-Jan-24,00:00:00,44236,45946,44209,44989,7985880091
Wed-03-Jan-24,00:00:00,44989,45568,40210,42872,13866376730
Thu-04-Jan-24,00:00:00,42872,44876,42637,44156,7060031060
Fri-05-Jan-24,00:00:00,44156,44436,42181,44157,8581983535
Sat-06-Jan-24,00:00:00,44157,44229,43401,43972,2398652582
Sun-07-Jan-24,00:00:00,43972,44510,43577,43936,3238977556
Mon-08-Jan-24,00:00:00,43936,47318,43137,46973,10044689219
Tue-09-Jan-24,00:00:00,46973,48083,44750,46128,11179199061
Wed-10-Jan-24,00:00:00,46128,47732,44301,46660,14875356908
Thu-11-Jan-24,00:00:00,46660,49054,45525,46348,12666510552
Fri-12-Jan-24,00:00:00,46348,46550,41323,42798,12318374990
Sat-13-Jan-24,00:00:00,42798,43268,42449,42855,3548168133
Sun-14-Jan-24,00:00:00,42855,43110,41709,41731,3472713194
Mon-15-Jan-24,00:00:00,41731,43395,41711,42508,4660475572
Tue-16-Jan-24,00:00:00,42508,43580,42004,43128,5420917096
Wed-17-Jan-24,00:00:00,43128,43197,42196,42782,3973382986
Thu-18-Jan-24,00:00:00,42782,42931,40669,41330,6579830270
Fri-19-Jan-24,00:00:00,41330,42199,40269,41663,6784732467
Sat-20-Jan-24,00:00:00,41663,41875,41413,41692,1635439373
Sun-21-Jan-24,00:00:00,41692,41868,41493,41586,1321636506
Mon-22-Jan-24,00:00:00,41586,41695,39360,39559,9690704435
Tue-23-Jan-24,00:00:00,39559,40180,38532,39900,7515655833
Wed-24-Jan-24,00:00:00,39900,40565,39488,40078,4911689822
Thu-25-Jan-24,00:00:00,40078,40324,39537,39954,3795106178
Fri-26-Jan-24,00:00:00,39954,42238,39810,41806,6462397832
Sat-27-Jan-24,00:00:00,41806,42193,41365,42096,1910492104
Sun-28-Jan-24,00:00:00,42096,42840,41587,42016,4035743600
Mon-29-Jan-24,00:00:00,42016,43437,41768,43286,4808645898
Tue-30-Jan-24,00:00:00,43286,43891,42648,42919,5368156943
Wed-31-Jan-24,00:00:00,42919,43736,42255,42553,6469224155
Thu-01-Feb-24,00:00:00,42553,43307,41844,43065,5628314586
Fri-02-Feb-24,00:00:00,43065,43477,42520,43178,3820511362
Sat-03-Feb-24,00:00:00,43178,43378,42859,42992,1329364450
Sun-04-Feb-24,00:00:00,42992,43115,42154,42560,1984253200
Mon-05-Feb-24,00:00:00,42560,43568,42230,42693,4630910907
Tue-06-Feb-24,00:00:00,42693,43370,42554,43084,3259951703
Wed-07-Feb-24,00:00:00,43084,44379,42774,44318,4523301758
Thu-08-Feb-24,00:00:00,44318,45628,44300,45260,5931520178
Fri-09-Feb-24,00:00:00,45260,48230,45210,47122,9755338538
Sat-10-Feb-24,00:00:00,47122,48198,46840,47728,3337226556
Sun-11-Feb-24,00:00:00,47728,48604,47556,48328,4129760056
Mon-12-Feb-24,00:00:00,48328,50439,47713,49961,9319569887
Tue-13-Feb-24,00:00:00,49961,50430,48300,49710,8440361630
Wed-14-Feb-24,00:00:00,49710,52098,49220,51822,8569653918
Thu-15-Feb-24,00:00:00,51822,52880,51322,51904,8675572760
Fri-16-Feb-24,00:00:00,51904,52625,51586,52152,5738454088
Sat-17-Feb-24,00:00:00,52152,52200,50652,51693,5222397435
Sun-18-Feb-24,00:00:00,51693,52457,51176,52175,3911143591
Mon-19-Feb-24,00:00:00,52175,52559,51701,51815,4220175235
Tue-20-Feb-24,00:00:00,51815,53120,50725,52287,8952595228
Wed-21-Feb-24,00:00:00,52287,52404,50430,51875,7898526919
Thu-22-Feb-24,00:00:00,51875,52120,50940,51305,5706873070
Fri-23-Feb-24,00:00:00,51305,51572,50538,50774,5048104701
Sat-24-Feb-24,00:00:00,50774,51743,50600,51589,2252029181
Sun-25-Feb-24,00:00:00,51589,52000,51300,51748,2580378443
Mon-26-Feb-24,00:00:00,51748,54992,50922,54515,8945311757
Tue-27-Feb-24,00:00:00,54515,57699,54489,57078,12078340837
Wed-28-Feb-24,00:00:00,57078,64497,56735,62484,25799535984
Thu-29-Feb-24,00:00:00,62484,63797,60461,61184,15450232528
Fri-01-Mar-24,00:00:00,61184,63182,60827,62418,7833080366
Sat-02-Mar-24,00:00:00,62418,62499,61591,62056,3703634810
Sun-03-Mar-24,00:00:00,62056,63333,61318,63179,4993459029
Mon-04-Mar-24,00:00:00,63179,68687,62235,68360,17227265465
Tue-05-Mar-24,00:00:00,68360,69387,59111,63750,28760833970
Wed-06-Mar-24,00:00:00,63750,67764,62824,66118,15062018882
Thu-07-Mar-24,00:00:00,66118,68160,65555,66859,8158034807
Fri-08-Mar-24,00:00:00,66859,70320,66135,68165,12250974418
Sat-09-Mar-24,00:00:00,68165,68606,67897,68374,2133973281
Sun-10-Mar-24,00:00:00,68374,70029,68122,69000,6694702836
Mon-11-Mar-24,00:00:00,69000,72920,66923,72152,12528740848
Tue-12-Mar-24,00:00:00,72152,73391,68671,71512,14569148936
Wed-13-Mar-24,00:00:00,71512,73750,71382,73133,9137587203
Thu-14-Mar-24,00:00:00,73133,73949,68614,71473,15311272806
Fri-15-Mar-24,00:00:00,71473,72525,65559,69524,20755475257
Sat-16-Mar-24,00:00:00,69524,70081,64696,65331,10285384753
Sun-17-Mar-24,00:00:00,65331,68970,64540,68432,8314607938
Mon-18-Mar-24,00:00:00,68432,69040,66534,67644,9516702164
Tue-19-Mar-24,00:00:00,67644,68175,61555,61972,18327268100
Wed-20-Mar-24,00:00:00,61972,68133,60761,67850,14875938918
Thu-21-Mar-24,00:00:00,67850,68288,64528,65536,9617197014
Fri-22-Mar-24,00:00:00,65536,66667,62098,63816,12573476536
Sat-23-Mar-24,00:00:00,63816,66065,63001,63996,6498765996
Sun-24-Mar-24,00:00:00,63996,67699,63781,67248,6379182024
Mon-25-Mar-24,00:00:00,67248,71278,66374,69903,11193830433
Tue-26-Mar-24,00:00:00,69903,71650,69333,70046,9497370952
Wed-27-Mar-24,00:00:00,70046,71898,68400,69549,12996055153
Thu-28-Mar-24,00:00:00,69549,71616,68955,70859,7059013543
Fri-29-Mar-24,00:00:00,70859,70990,69000,69899,5994743219
Sat-30-Mar-24,00:00:00,69899,70400,69582,69639,2124999759
Sun-31-Mar-24,00:00:00,69639,71514,69609,71378,3371500807
Mon-01-Apr-24,00:00:00,71378,71395,68044,69707,8979282693
Tue-02-Apr-24,00:00:00,69707,69744,64490,65484,14872062380
Wed-03-Apr-24,00:00:00,65484,66950,64406,65972,7629147448
Thu-04-Apr-24,00:00:00,65972,69316,65036,68480,9188775568
Fri-05-Apr-24,00:00:00,68480,68776,65943,67814,9770179226
Sat-06-Apr-24,00:00:00,67814,69700,67458,68895,3274194467
Sun-07-Apr-24,00:00:00,68895,70366,68803,69355,4661573030
Mon-08-Apr-24,00:00:00,69355,72854,69050,71674,9036676761
Tue-09-Apr-24,00:00:00,71674,71814,68200,69187,10983899639
Wed-10-Apr-24,00:00:00,69187,71269,67506,70656,10264581851
Thu-11-Apr-24,00:00:00,70656,71342,69580,70038,8318402154
Fri-12-Apr-24,00:00:00,70038,71281,64669,67120,13569655304
Sat-13-Apr-24,00:00:00,67120,67938,59766,63905,14845873295
Sun-14-Apr-24,00:00:00,63905,65824,62089,65619,10972614596
Mon-15-Apr-24,00:00:00,65619,66835,62222,63414,11724280173
Tue-16-Apr-24,00:00:00,63414,64358,61512,63772,11310520682
Wed-17-Apr-24,00:00:00,63772,64480,59605,61245,12131668947
Thu-18-Apr-24,00:00:00,61245,64166,60757,63445,9420519965
Fri-19-Apr-24,00:00:00,63445,65432,59522,63775,15129538485
Sat-20-Apr-24,00:00:00,63775,65407,63038,64900,5279803575
Sun-21-Apr-24,00:00:00,64900,65694,64200,64911,4419819789
Mon-22-Apr-24,00:00:00,64911,67199,64463,66770,6758401639
Tue-23-Apr-24,00:00:00,66770,67146,65750,66398,5227557212
Wed-24-Apr-24,00:00:00,66398,67084,63563,64259,8251082405
Thu-25-Apr-24,00:00:00,64259,65272,62745,64465,8044134191
Fri-26-Apr-24,00:00:00,64465,64798,63273,63746,5931231974
Sat-27-Apr-24,00:00:00,63746,63900,62370,63413,4644980115
Sun-28-Apr-24,00:00:00,63413,64337,62674,63093,3455121038
Mon-29-Apr-24,00:00:00,63093,64193,61730,63828,7141874493
Tue-30-Apr-24,00:00:00,63828,64705,59132,60656,12843537160
Wed-01-May-24,00:00:00,60656,60820,56505,58298,15432405158
Thu-02-May-24,00:00:00,58298,59581,56887,59030,7662921580
Fri-03-May-24,00:00:00,59030,63344,58780,62844,8884837606
Sat-04-May-24,00:00:00,62844,64500,62513,63860,5272170676
Sun-05-May-24,00:00:00,63860,64630,62866,63998,4529270362
Mon-06-May-24,00:00:00,63998,65540,62669,63149,9046374141
Tue-07-May-24,00:00:00,63149,64399,62230,62314,6685774912
Wed-08-May-24,00:00:00,62314,63024,60850,61164,6563908654
Thu-09-May-24,00:00:00,61164,63406,60544,63036,6609196476
Fri-10-May-24,00:00:00,63036,63448,60111,60789,8009860695
Sat-11-May-24,00:00:00,60789,61500,60461,60810,2593562664
Sun-12-May-24,00:00:00,60810,61854,60567,61450,2552255870
Mon-13-May-24,00:00:00,61450,63437,60708,62909,6473141541
Tue-14-May-24,00:00:00,62909,63096,61000,61546,6560214792
Wed-15-May-24,00:00:00,61546,66430,61310,66185,8845632665
Thu-16-May-24,00:00:00,66185,66770,64580,65226,6409885839
Fri-17-May-24,00:00:00,65226,67444,65070,66973,5788870979
Sat-18-May-24,00:00:00,66973,67346,66469,66876,2888746506
Sun-19-May-24,00:00:00,66876,67738,65822,66236,4183228192
Mon-20-May-24,00:00:00,66236,71638,66034,71437,10340825355
Tue-21-May-24,00:00:00,71437,72062,69155,70168,8428852899
Wed-22-May-24,00:00:00,70168,70713,68812,69210,5914461678
Thu-23-May-24,00:00:00,69210,70159,66311,68000,9441629410
Fri-24-May-24,00:00:00,68000,69280,66628,68580,5298355420
Sat-25-May-24,00:00:00,68580,69636,68524,69306,2175082554
Sun-26-May-24,00:00:00,69306,69599,68121,68529,2582550255
Mon-27-May-24,00:00:00,68529,70738,68277,69450,4618511034
Tue-28-May-24,00:00:00,69450,69614,67250,68444,7733397406
Wed-29-May-24,00:00:00,68444,68989,67125,67676,4955893920
Thu-30-May-24,00:00:00,67676,69560,67137,68372,5908452484
Fri-31-May-24,00:00:00,68372,69077,66660,67556,5754872056
Sat-01-Jun-24,00:00:00,67556,67942,67457,67793,1209927723
Sun-02-Jun-24,00:00:00,67793,68499,67280,67776,2691653289
Mon-03-Jun-24,00:00:00,67776,70344,67622,68837,6383007067
Tue-04-Jun-24,00:00:00,68837,71110,68605,70559,5677949386
Wed-05-Jun-24,00:00:00,70559,71820,70406,71141,5588625013
Thu-06-Jun-24,00:00:00,71141,71700,70144,70836,4749942593
Fri-07-Jun-24,00:00:00,70836,72169,68337,69390,9242328546
Sat-08-Jun-24,00:00:00,69390,69610,69204,69326,1501044544
Sun-09-Jun-24,00:00:00,69326,69865,69157,69642,1757899066
Mon-10-Jun-24,00:00:00,69642,70181,69168,69516,3341492928
Tue-11-Jun-24,00:00:00,69516,69570,65932,67276,9709093412
Wed-12-Jun-24,00:00:00,67276,70000,66859,68241,10038923755
Thu-13-Jun-24,00:00:00,68241,68500,66226,66742,7243783649
Fri-14-Jun-24,00:00:00,66742,67341,65030,66021,6787261669
Sat-15-Jun-24,00:00:00,66021,66446,65808,66184,1701294986
Sun-16-Jun-24,00:00:00,66184,66950,66008,66638,1925556842
Mon-17-Jun-24,00:00:00,66638,67290,65058,66455,7102011671
Tue-18-Jun-24,00:00:00,66455,66553,64027,65146,9792212014
Wed-19-Jun-24,00:00:00,65146,65700,64650,64940,4348691144
Thu-20-Jun-24,00:00:00,64940,66458,64514,64854,6324246926
Fri-21-Jun-24,00:00:00,64854,65071,63333,64108,7067789666
Sat-22-Jun-24,00:00:00,64108,64499,63904,64223,1198627161
Sun-23-Jun-24,00:00:00,64223,64484,63123,63180,1977362990
Mon-24-Jun-24,00:00:00,63180,63330,58320,60257,13980978763
Tue-25-Jun-24,00:00:00,60257,62401,60218,61764,7694154566
Wed-26-Jun-24,00:00:00,61764,62468,60666,60838,5439124058
Thu-27-Jun-24,00:00:00,60838,62380,60565,61660,4810703190
Fri-28-Jun-24,00:00:00,61660,62218,60012,60406,5281920174
Sat-29-Jun-24,00:00:00,60406,61199,60378,60940,1961080256
Sun-30-Jun-24,00:00:00,60940,63041,60673,62750,4256474370
Mon-01-Jul-24,00:00:00,62750,63845,62464,62860,5580169140
Tue-02-Jul-24,00:00:00,62860,63259,61780,62093,4365753487
Wed-03-Jul-24,00:00:00,62093,62250,59350,60185,8253962305
Thu-04-Jul-24,00:00:00,60185,60465,56688,57035,11859818510
Fri-05-Jul-24,00:00:00,57035,57523,53314,56603,13708647857
Sat-06-Jul-24,00:00:00,56603,58490,56002,58204,4253996864
Sun-07-Jul-24,00:00:00,58204,58420,55710,55840,5734958892
Mon-08-Jul-24,00:00:00,55840,58195,54228,56696,11552736744
Tue-09-Jul-24,00:00:00,56696,58316,56257,58030,6770691682
Wed-10-Jul-24,00:00:00,58030,59471,57127,57714,6626910256
Thu-11-Jul-24,00:00:00,57714,59662,57016,57312,7560938400
Fri-12-Jul-24,00:00:00,57312,58514,56513,57861,6176112507
Sat-13-Jul-24,00:00:00,57861,59870,57711,59182,3734752646
Sun-14-Jul-24,00:00:00,59182,61388,59170,60756,5706386048
Mon-15-Jul-24,00:00:00,60756,64900,60602,64696,9781226012
Tue-16-Jul-24,00:00:00,64696,65365,62350,65027,11128293933
Wed-17-Jul-24,00:00:00,65027,66119,63800,64049,7875290894
Thu-18-Jul-24,00:00:00,64049,65133,63200,63967,6135253792
Fri-19-Jul-24,00:00:00,63967,67368,63281,66632,9077298437
Sat-20-Jul-24,00:00:00,66632,67600,66202,67103,3812349409
Sun-21-Jul-24,00:00:00,67103,68372,65738,68150,6858395274
Mon-22-Jul-24,00:00:00,68150,68468,66543,67494,6409099256
Tue-23-Jul-24,00:00:00,67494,67720,65372,65922,8785088106
Wed-24-Jul-24,00:00:00,65922,67105,64903,65365,6545395937
Thu-25-Jul-24,00:00:00,65365,66206,63378,65768,9712258122
Fri-26-Jul-24,00:00:00,65768,68213,65695,67881,7292222191
Sat-27-Jul-24,00:00:00,67881,69400,66608,67902,11198532192
Sun-28-Jul-24,00:00:00,67902,68338,67027,68241,3884605179
Mon-29-Jul-24,00:00:00,68241,70137,66361,66758,11646556471
Tue-30-Jul-24,00:00:00,66758,66959,65265,66170,7790125124
Wed-31-Jul-24,00:00:00,66170,66832,64502,64616,7552711524
Thu-01-Aug-24,00:00:00,64616,65634,62218,65341,11391670843
Fri-02-Aug-24,00:00:00,65341,65576,61172,61459,12798280211
Sat-03-Aug-24,00:00:00,61459,62154,59822,60682,8074422738
Sun-04-Aug-24,00:00:00,60682,61088,57150,58132,9709608006
Mon-05-Aug-24,00:00:00,58132,58278,48914,53988,32733377628
Tue-06-Aug-24,00:00:00,53988,57056,53917,55990,11256280046
Wed-07-Aug-24,00:00:00,55990,57762,54518,55110,9754130760
Thu-08-Aug-24,00:00:00,55110,62743,54705,61670,12306938200
Fri-09-Aug-24,00:00:00,61670,61733,59488,60815,8586561635
Sat-10-Aug-24,00:00:00,60815,61460,60223,60894,3077664626
Sun-11-Aug-24,00:00:00,60894,61880,58264,58703,6090193813
Mon-12-Aug-24,00:00:00,58703,60692,57555,59316,11602412525
Tue-13-Aug-24,00:00:00,59316,61577,58380,60559,8109029801
Wed-14-Aug-24,00:00:00,60559,61950,58399,58648,8900358141
Thu-15-Aug-24,00:00:00,58648,59834,56052,57516,10853048124
Fri-16-Aug-24,00:00:00,57516,59800,57072,58850,7842535330
Sat-17-Aug-24,00:00:00,58850,59699,58765,59475,2296444075
Sun-18-Aug-24,00:00:00,59475,60288,58400,58406,4267034944
Mon-19-Aug-24,00:00:00,58406,59600,57753,59404,6261239014
Tue-20-Aug-24,00:00:00,59404,61456,58400,58978,9569747210
Wed-21-Aug-24,00:00:00,58978,61835,58728,61121,8555346537
Thu-22-Aug-24,00:00:00,61121,61386,59624,60355,6311783073
Fri-23-Aug-24,00:00:00,60355,65042,60316,64005,10917974430
Sat-24-Aug-24,00:00:00,64005,64485,63520,64130,3584791915
Sun-25-Aug-24,00:00:00,64130,64993,63750,64181,3313981829
Mon-26-Aug-24,00:00:00,64181,64448,62777,62812,6241346895
Tue-27-Aug-24,00:00:00,62812,63203,57870,59367,11484172653
Wed-28-Aug-24,00:00:00,59367,60245,57800,59013,10058373063
Thu-29-Aug-24,00:00:00,59013,61149,58618,59316,7466383470
Fri-30-Aug-24,00:00:00,59316,59922,57666,59101,7898044247
Sat-31-Aug-24,00:00:00,59101,59438,58706,58944,1989280716
Sun-01-Sep-24,00:00:00,58944,59053,56913,57266,6574202830
Mon-02-Sep-24,00:00:00,57266,59423,57072,59117,5772697279
Tue-03-Sep-24,00:00:00,59117,59805,57357,57450,6327707996
Wed-04-Sep-24,00:00:00,57450,58500,55501,57938,9199410562
Thu-05-Sep-24,00:00:00,57938,58300,55510,56150,8664282060
Fri-06-Sep-24,00:00:00,56150,56998,52500,53934,14470980216
Sat-07-Sep-24,00:00:00,53934,54828,53733,54140,3431604478
Sun-08-Sep-24,00:00:00,54140,55300,53608,54850,4368176910
Mon-09-Sep-24,00:00:00,54850,58150,54560,57014,8336210536
Tue-10-Sep-24,00:00:00,57014,58040,56350,57620,6753991862
Wed-11-Sep-24,00:00:00,57620,57977,55530,57310,10747513190
Thu-12-Sep-24,00:00:00,57310,58581,57298,58105,7475974085
Fri-13-Sep-24,00:00:00,58105,60624,57579,60466,7579852994
Sat-14-Sep-24,00:00:00,60466,60584,59358,59968,3092231738
Sun-15-Sep-24,00:00:00,59968,60393,58652,59101,3763712483
Mon-16-Sep-24,00:00:00,59101,59182,57450,58185,7324801553
Tue-17-Sep-24,00:00:00,58185,61330,57568,60275,9513245410
Wed-18-Sep-24,00:00:00,60275,60747,59835,60231,1349677844
Thu-19-Sep-24,00:00:00,61744,63856,61524,62923,9254066053
Fri-20-Sep-24,00:00:00,62923,64132,62310,63174,7482991678
Sat-21-Sep-24,00:00:00,63174,63544,62713,63312,2179629210
Sun-22-Sep-24,00:00:00,63312,64000,62350,63550,4596387650
Mon-23-Sep-24,00:00:00,63550,64774,62537,63306,7919092844
Tue-24-Sep-24,00:00:00,63306,64750,62634,64249,7730674553
Wed-25-Sep-24,10:00:00,64249,64876,62900,63130,5845182392
Thu-26-Sep-24,10:00:00,63130,65850,62650,65146,9452010974
Fri-27-Sep-24,10:00:00,65146,66520,64789,65746,7728008796
Sat-28-Sep-24,10:00:00,65746,66320,65310,65823,2547262947
Sun-29-Sep-24,10:00:00,65823,66174,65370,65572,2447299391
Mon-30-Sep-24,10:00:00,65572,65605,62800,63277,10268839783
Tue-01-Oct-24,10:00:00,63277,64097,60119,60790,15961309352
Wed-02-Oct-24,10:00:00,60790,62416,59953,60618,10612961532
Thu-03-Oct-24,10:00:00,60618,61460,59840,60726,9536059944
Fri-04-Oct-24,10:00:00,60726,62469,60414,62064,7943505996
Sat-05-Oct-24,10:00:00,62064,62366,61650,62035,2230828445
Sun-06-Oct-24,10:00:00,62035,62973,61791,62793,3079168502
Mon-07-Oct-24,10:00:00,62793,64464,62055,62191,9755458289
Tue-08-Oct-24,10:00:00,62191,63190,61803,62121,7143382712
Wed-09-Oct-24,10:00:00,62121,62525,60266,60608,7186593640
Thu-10-Oct-24,10:00:00,60608,61288,58900,60296,8572274616
Fri-11-Oct-24,10:00:00,60296,63436,60064,62500,8614547612
Sat-12-Oct-24,10:00:00,62500,63467,62458,63178,3585749322
Sun-13-Oct-24,10:00:00,63178,63270,62012,62839,4559809311
Mon-14-Oct-24,10:00:00,62839,67300,62422,66080,11567525557
Tue-15-Oct-24,10:00:00,66080,67999,64762,67057,15131724303
Wed-16-Oct-24,10:00:00,67057,68525,66727,67595,9755250651
Thu-17-Oct-24,10:00:00,67595,67921,66650,67390,7351902785
Fri-18-Oct-24,10:00:00,67390,69050,67157,68402,8764068488
Sat-19-Oct-24,10:00:00,68402,68685,67980,68370,2239481512
Sun-20-Oct-24,10:00:00,68370,69428,68075,69034,3311842136
Mon-21-Oct-24,10:00:00,69034,69555,66853,67368,8660040830
Tue-22-Oct-24,10:00:00,67368,67847,66561,67410,7647615318
Wed-23-Oct-24,10:00:00,67410,67478,65240,66659,9855207931
Thu-24-Oct-24,10:00:00,66659,68847,66509,68171,8520751822
Fri-25-Oct-24,10:00:00,68171,68755,65524,66667,12541420374
Sat-26-Oct-24,10:00:00,66667,67443,66408,67069,2969081110
Sun-27-Oct-24,10:00:00,67069,68312,66905,68001,3159351382
Mon-28-Oct-24,10:00:00,68001,70450,67571,69948,10059997992
Tue-29-Oct-24,10:00:00,69948,73682,69735,72758,14364378574
Mon-28-Oct-24,10:00:00,68001,70450,67571,69948,10059997992
Tue-29-Oct-24,10:00:00,69948,73682,69735,72758,14364378574
Wed-30-Oct-24,10:00:00,72758,72814,72029,72517,721905117
